{
  "manifest": {
    "apis": {
      "custom": {
        "endpoint": {
          "uri": "arn:aws:lambda:eu-west-1:220875847730:function:4697b0f9-bbd6-492b-a591-81dbda4a1c16:Release_0"
        },
        "regions": {
          "EU": {
            "endpoint": {
              "uri": "arn:aws:lambda:eu-west-1:220875847730:function:4697b0f9-bbd6-492b-a591-81dbda4a1c16:Release_0"
            }
          },
          "NA": {
            "endpoint": {
              "uri": "arn:aws:lambda:us-east-1:220875847730:function:4697b0f9-bbd6-492b-a591-81dbda4a1c16:Release_0"
            }
          },
          "FE": {
            "endpoint": {
              "uri": "arn:aws:lambda:us-west-2:220875847730:function:4697b0f9-bbd6-492b-a591-81dbda4a1c16:Release_0"
            }
          }
        }
      }
    },
    "manifestVersion": "1.0",
    "publishingInformation": {
      "distributionCountries": [],
      "isAvailableWorldwide": true,
      "locales": {
        "en-US": {
          "description": "Sample Full Description",
          "examplePhrases": [
            "Alexa open color picker"
          ],
          "name": "skill-sample-python-smarthome-switch",
          "summary": "Sample Short Description"
        }
      },
      "testingInstructions": "Sample Testing Instructions."
    }
  }
}