{
  "interactionModel": {
    "languageModel": {
      "intents": [
        {
          "name": "AMAZON.FallbackIntent",
          "samples": []
        },
        {
          "name": "AMAZON.CancelIntent",
          "samples": []
        },
        {
          "name": "AMAZON.HelpIntent",
          "samples": []
        },
        {
          "name": "AMAZON.StopIntent",
          "samples": []
        },
        {
          "slots": [],
          "name": "WhatsMyColorIntent",
          "samples": [
            "tell me what is my favorite color",
            "whats my favorite color",
            "say my color",
            "say my favorite color",
            "tell me my favorite color",
            "what is my favorite color",
            "what is my color",
            "whats my color"
          ]
        },
        {
          "slots": [
            {
              "name": "Color",
              "type": "AMAZON.Color"
            }
          ],
          "name": "MyColorIsIntent",
          "samples": [
            "My color is {Color}",
            "my favorite color is {Color}"
          ]
        }
      ],
      "types": [],
      "invocationName": "change me"
    }
  }
}